1	Lisette	Fathers	lfathers0@fda.gov	Female	237.147.88.201
2	Mirabella	Marlon	mmarlon1@reddit.com	Female	70.148.106.88
3	Konstantin	Lisciandro	klisciandro2@comsenz.com	Male	70.21.224.93
4	Linette	McEachern	lmceachern3@ehow.com	Female	59.88.60.236
5	Lona	Mardle	lmardle4@amazon.de	Female	207.35.212.80
6	Flossie	Goney	fgoney5@loc.gov	Female	53.143.216.2
7	Charlie	Culham	cculham6@tamu.edu	Male	103.158.51.98
8	Jeanelle	Mallender	jmallender7@barnesandnoble.com	Female	209.151.240.198
9	Salvador	Ackery	sackery8@netlog.com	Male	145.224.68.75
10	Gardener	Olech	golech9@sun.com	Male	60.140.112.36
11	Ebenezer	Dufoure	edufourea@about.com	Male	182.80.106.61
12	Isabella	Cockshut	icockshutb@cargocollective.com	Female	31.172.154.29
13	Jobye	Jantel	jjantelc@ibm.com	Female	121.157.69.226
14	Paige	Bentke	pbentked@tumblr.com	Male	224.117.195.202
15	Ashlin	Spohr	aspohre@patch.com	Male	42.202.147.237
16	Cayla	Richemond	crichemondf@google.pl	Female	220.238.128.13
17	Eldin	Staniford	estanifordg@vkontakte.ru	Male	134.159.100.235
18	Augustina	Storek	astorekh@google.ca	Female	95.248.171.170
19	Asher	Hyatt	ahyatti@imgur.com	Male	165.56.19.12
20	Abba	Lightewood	alightewoodj@mapquest.com	Male	28.110.193.173
21	Leola	Kick	lkickk@examiner.com	Female	8.189.190.192
22	Gracie	Behrendsen	gbehrendsenl@photobucket.com	Female	112.215.194.237
23	Michel	Andreu	mandreum@ox.ac.uk	Male	0.180.220.236
24	Legra	Biddwell	lbiddwelln@nature.com	Female	224.123.85.246
25	Jill	Coling	jcolingo@yolasite.com	Female	245.57.78.33
26	Kane	Croxley	kcroxleyp@pagesperso-orange.fr	Male	109.38.206.75
27	Yevette	Dickie	ydickieq@digg.com	Female	44.1.3.49
28	Braden	Lansdown	blansdownr@google.it	Male	159.210.82.225
29	Stephine	Yacob	syacobs@soup.io	Female	120.60.214.88
30	Guenevere	Stealey	gstealeyt@nhs.uk	Female	157.154.211.171
31	Krishna	Godley	kgodleyu@miibeian.gov.cn	Male	212.31.60.35
32	Jenn	Blakemore	jblakemorev@arizona.edu	Female	132.120.70.35
33	Cortney	Abrahamoff	cabrahamoffw@tamu.edu	Female	132.43.126.191
34	Alfie	Bennike	abennikex@businessweek.com	Male	212.131.119.203
35	Johann	Oglevie	jogleviey@eventbrite.com	Male	236.40.14.134
36	Annemarie	Lermit	alermitz@yellowbook.com	Female	73.87.197.139
37	Arte	Goly	agoly10@mediafire.com	Male	15.163.110.98
38	Aleksandr	Spikins	aspikins11@cdbaby.com	Male	165.177.38.201
39	Pietro	Paviour	ppaviour12@boston.com	Male	10.130.23.228
40	Abdel	Canner	acanner13@cocolog-nifty.com	Male	158.40.93.47
41	Rodrigo	Duffell	rduffell14@homestead.com	Male	239.72.227.129
42	Salomon	Klemt	sklemt15@mail.ru	Male	122.89.209.47
43	Peggi	Segrave	psegrave16@privacy.gov.au	Female	94.138.255.137
44	Stanfield	Vivian	svivian17@twitpic.com	Male	196.236.52.185
45	Michal	Sang	msang18@flavors.me	Male	100.59.63.111
46	Adler	de Clercq	adeclercq19@opensource.org	Male	71.236.105.154
47	Janette	MacMillan	jmacmillan1a@wikia.com	Female	171.83.109.46
48	Thedrick	Adhams	tadhams1b@ning.com	Male	60.195.108.54
49	Ronny	Harrhy	rharrhy1c@moonfruit.com	Female	32.199.172.238
50	Piotr	Henmarsh	phenmarsh1d@samsung.com	Male	69.6.245.129
51	Nataniel	Altofts	naltofts1e@timesonline.co.uk	Male	38.47.89.172
52	Gerrie	Sawell	gsawell1f@quantcast.com	Male	62.38.99.94
53	Kellie	Rau	krau1g@who.int	Female	146.141.113.186
54	Esme	Dand	edand1h@wikia.com	Female	158.201.193.231
55	Vasily	Patchett	vpatchett1i@creativecommons.org	Male	93.180.63.214
56	Sebastien	Fawthorpe	sfawthorpe1j@patch.com	Male	115.18.17.141
57	Arlen	Schurcke	aschurcke1k@unicef.org	Male	154.21.234.230
58	Erwin	Oda	eoda1l@prlog.org	Male	20.36.92.198
59	Katie	Mowsdell	kmowsdell1m@odnoklassniki.ru	Female	179.96.168.8
60	Quinn	Edelman	qedelman1n@miitbeian.gov.cn	Female	172.141.113.51
61	Rasia	Holbie	rholbie1o@hibu.com	Female	175.65.138.26
62	Irving	Jefford	ijefford1p@marriott.com	Male	42.174.84.198
63	Gian	Hugk	ghugk1q@yandex.ru	Male	238.57.154.89
64	Maurise	Cockell	mcockell1r@photobucket.com	Female	39.102.13.164
65	Freeman	Franzonetti	ffranzonetti1s@umich.edu	Male	149.234.180.157
66	Bab	Dingate	bdingate1t@youtu.be	Female	122.163.102.162
67	Korie	Lingner	klingner1u@who.int	Female	66.97.69.144
68	Hallsy	Dymidowski	hdymidowski1v@nydailynews.com	Male	187.54.215.182
69	Kristyn	Collyns	kcollyns1w@webs.com	Female	218.196.201.155
70	Katya	Rostern	krostern1x@nationalgeographic.com	Female	72.55.150.75
71	Filmer	Vakhlov	fvakhlov1y@wordpress.com	Male	124.97.51.215
72	Roarke	Cran	rcran1z@google.ca	Male	99.41.96.219
73	Willy	Brislawn	wbrislawn20@baidu.com	Male	34.25.240.64
74	Freddy	Traynor	ftraynor21@fda.gov	Male	243.175.63.207
75	Germana	Winsper	gwinsper22@fema.gov	Female	79.197.88.197
76	Son	Kennett	skennett23@nationalgeographic.com	Male	226.205.96.192
77	Crystie	Rutherforth	crutherforth24@moonfruit.com	Female	179.72.224.203
78	Blinnie	Lavies	blavies25@tamu.edu	Female	57.90.189.138
79	Brendan	Joslin	bjoslin26@163.com	Male	11.121.208.203
80	Silas	Wycliff	swycliff27@mapy.cz	Male	67.249.109.196
81	Minda	Dyers	mdyers28@google.co.uk	Female	70.195.73.7
82	Orlan	Whittek	owhittek29@nbcnews.com	Male	225.166.3.60
83	Kaye	Getley	kgetley2a@chron.com	Female	54.152.2.109
84	Whitney	Ragg	wragg2b@hugedomains.com	Male	0.114.33.236
85	Torry	Bolles	tbolles2c@mapquest.com	Male	201.200.11.88
86	Mildred	Ickovic	mickovic2d@pcworld.com	Female	50.10.161.76
87	Alika	Parkins	aparkins2e@joomla.org	Female	170.243.133.193
88	Mike	Le Estut	mleestut2f@fc2.com	Male	228.183.32.246
89	Clarice	Rossbrook	crossbrook2g@xing.com	Female	44.163.219.5
90	Estell	Brunnstein	ebrunnstein2h@booking.com	Female	133.73.104.5
91	Marshal	Barnson	mbarnson2i@taobao.com	Male	117.133.33.202
92	Brigit	Nockles	bnockles2j@webeden.co.uk	Female	161.244.224.135
93	Alisa	Trewartha	atrewartha2k@si.edu	Female	97.19.121.42
94	Skye	Suerz	ssuerz2l@icio.us	Male	217.103.27.201
95	Sawyer	Biggins	sbiggins2m@bizjournals.com	Male	92.155.135.94
96	Ephrayim	Joannic	ejoannic2n@prlog.org	Male	41.172.37.68
97	Conrad	Belamy	cbelamy2o@opensource.org	Male	86.42.166.108
98	Devin	Pecha	dpecha2p@intel.com	Male	173.56.59.177
99	Octavius	Kubin	okubin2q@github.io	Male	82.126.160.206
100	Ferdy	Chazelas	fchazelas2r@go.com	Male	26.121.15.23
