1,Ronnie,Gregory,rgregory0@themeforest.net,Male,24.201.232.16
2,Ronald,Arondel,rarondel1@ovh.net,Male,224.232.50.5
3,Gwenny,Swancott,gswancott2@a8.net,Female,167.247.186.221
4,Kristopher,Gornall,kgornall3@uol.com.br,Male,32.101.247.176
5,Humfried,Heliot,hheliot4@hubpages.com,Male,99.20.168.53
6,Stanly,McIlmorie,smcilmorie5@1688.com,Male,13.45.46.15
7,Inga,Measor,imeasor6@yolasite.com,Female,226.208.175.210
8,Waite,Leamy,wleamy7@360.cn,Male,96.155.209.129
9,Benedikta,Paramore,bparamore8@yandex.ru,Female,93.178.188.189
10,Tommy,Torbeck,ttorbeck9@jimdo.com,Male,180.162.211.76
11,Dov,Mc-Kerley,dmckerleya@youtu.be,Male,113.68.145.184
12,Friederike,Tanzer,ftanzerb@pinterest.com,Female,100.245.112.128
13,Rana,McBratney,rmcbratneyc@cnn.com,Female,130.194.144.109
14,Rhodia,Eastcourt,reastcourtd@unc.edu,Female,210.107.211.233
15,Paxton,Crusham,pcrushame@networkadvertising.org,Male,55.242.138.121
16,Arlette,Tubble,atubblef@vimeo.com,Female,237.63.114.52
17,Hatty,Luigi,hluigig@phoca.cz,Female,199.108.117.116
18,Grace,Linham,glinhamh@live.com,Female,53.161.167.50
19,Vidovik,Plume,vplumei@domainmarket.com,Male,107.49.231.89
20,Kelly,Brookesbie,kbrookesbiej@redcross.org,Male,116.64.11.250
21,Roddy,Gilbard,rgilbardk@va.gov,Male,148.191.73.107
22,Amerigo,Tuckie,atuckiel@alibaba.com,Male,135.45.157.243
23,Kirby,Webberley,kwebberleym@pcworld.com,Male,182.149.112.181
24,Kimbra,Bridgeman,kbridgemann@netscape.com,Female,167.34.69.110
25,Barbey,Allon,ballono@huffingtonpost.com,Female,64.252.80.237
26,Egan,Stratford,estratfordp@nasa.gov,Male,45.224.245.157
27,Phil,Chat,pchatq@blinklist.com,Female,126.8.241.178
28,Beck,Beedle,bbeedler@mail.ru,Male,141.125.194.47
29,Granny,Mackerness,gmackernesss@dion.ne.jp,Male,228.29.6.51
30,Denver,Crafter,dcraftert@bigcartel.com,Male,67.30.238.127
31,Courtnay,Charity,ccharityu@miibeian.gov.cn,Male,192.72.80.69
32,Mellisent,Sambidge,msambidgev@xinhuanet.com,Female,32.130.86.175
33,Rhea,Dilkes,rdilkesw@reference.com,Female,36.88.86.84
34,Emmy,Murthwaite,emurthwaitex@netvibes.com,Female,213.194.195.62
35,Roby,Tipple,rtippley@qq.com,Female,181.12.219.108
36,Corrianne,Goss,cgossz@google.co.uk,Female,70.160.82.251
37,Carolee,O' Sullivan,cosullivan10@rambler.ru,Female,58.120.232.147
38,Harp,Hannabus,hhannabus11@oracle.com,Male,91.30.119.27
39,Emmanuel,Kunkler,ekunkler12@theatlantic.com,Male,248.15.196.70
40,Toni,Lune,tlune13@intel.com,Female,151.58.48.146
41,Sibby,Cardall,scardall14@ucsd.edu,Female,25.148.174.107
42,Andreana,Shillabeare,ashillabeare15@google.de,Female,94.78.142.236
43,Kort,De Meyer,kdemeyer16@addthis.com,Male,251.145.237.126
44,Gabriella,Cuolahan,gcuolahan17@webs.com,Female,91.249.213.191
45,Claresta,Press,cpress18@google.com.br,Female,234.128.11.221
46,Erik,Dammarell,edammarell19@privacy.gov.au,Male,104.201.241.48
47,Saunderson,Galiero,sgaliero1a@google.es,Male,233.202.254.53
48,Filippo,Luety,fluety1b@java.com,Male,69.212.34.40
49,Howie,Farnan,hfarnan1c@ftc.gov,Male,24.222.9.218
50,Kathrine,Pimblott,kpimblott1d@merriam-webster.com,Female,6.41.32.74
51,Munmro,Risso,mrisso1e@wiley.com,Male,87.172.129.46
52,Constanta,Nuttey,cnuttey1f@reuters.com,Female,164.208.199.213
53,Rhys,Jameson,rjameson1g@state.gov,Male,20.35.76.189
54,Bartholomeus,Yegorchenkov,byegorchenkov1h@cmu.edu,Male,2.253.15.67
55,Tamara,Adlington,tadlington1i@sogou.com,Female,52.224.146.103
56,Julita,Leger,jleger1j@rediff.com,Female,39.41.105.218
57,Vinnie,Cattonnet,vcattonnet1k@ezinearticles.com,Female,14.196.58.73
58,Bil,Fawthrop,bfawthrop1l@wordpress.com,Male,187.175.51.140
59,Zenia,Haines,zhaines1m@example.com,Female,71.239.81.34
60,Rayshell,Trumble,rtrumble1n@weibo.com,Female,230.7.43.189
61,Nona,Kynge,nkynge1o@redcross.org,Female,63.121.152.63
62,Farr,Langelay,flangelay1p@microsoft.com,Male,204.111.158.230
63,Sydelle,Lardier,slardier1q@latimes.com,Female,171.234.243.228
64,Basilius,Armall,barmall1r@uol.com.br,Male,126.122.39.250
65,Flint,Corrett,fcorrett1s@examiner.com,Male,100.171.182.94
66,Nealon,Blanche,nblanche1t@ycombinator.com,Male,59.216.201.156
67,Liane,Gallehock,lgallehock1u@toplist.cz,Female,85.55.180.49
68,Uri,Alston,ualston1v@ucsd.edu,Male,96.134.81.209
69,Hort,Simanek,hsimanek1w@pbs.org,Male,251.208.235.187
70,Latisha,Kipling,lkipling1x@wunderground.com,Female,74.157.51.149
71,Hiram,Cobbald,hcobbald1y@state.gov,Male,180.6.73.88
72,Bernice,Alvar,balvar1z@goodreads.com,Female,81.215.207.140
73,Fabien,Guerro,fguerro20@princeton.edu,Male,170.191.34.8
74,Roana,Digg,rdigg21@jalbum.net,Female,199.186.197.243
75,Averell,Sinisbury,asinisbury22@about.com,Male,92.78.139.131
76,Shanna,Thonason,sthonason23@163.com,Female,107.84.1.193
77,Ingeborg,Brotherton,ibrotherton24@goo.gl,Female,192.247.118.202
78,Billi,Tatters,btatters25@independent.co.uk,Female,113.182.205.107
79,Quinn,Rudsdell,qrudsdell26@cmu.edu,Male,190.215.51.39
80,Krysta,Karpmann,kkarpmann27@clickbank.net,Female,190.145.143.171
81,Antonetta,Whybrow,awhybrow28@omniture.com,Female,141.69.183.85
82,Merrile,Saban,msaban29@networkadvertising.org,Female,186.6.25.9
83,Eydie,Brawley,ebrawley2a@apple.com,Female,39.130.36.71
84,Kimberlee,Slessar,kslessar2b@twitpic.com,Female,248.232.84.155
85,Maryrose,Allison,mallison2c@nymag.com,Female,136.254.7.76
86,Jozef,Mollison,jmollison2d@cam.ac.uk,Male,20.182.226.95
87,Lynnea,Szimoni,lszimoni2e@foxnews.com,Female,54.190.226.239
88,Remus,Banghe,rbanghe2f@sciencedaily.com,Male,26.102.12.160
89,Amelita,Bogies,abogies2g@indiatimes.com,Female,49.50.18.154
90,Derek,Hancox,dhancox2h@kickstarter.com,Male,144.185.18.16
91,Jae,Hauck,jhauck2i@tuttocitta.it,Male,17.108.0.75
92,Foss,Pringle,fpringle2j@adobe.com,Male,188.84.149.228
93,Loria,Rusk,lrusk2k@marriott.com,Female,8.208.129.75
94,Fey,Ivory,fivory2l@upenn.edu,Female,15.6.243.46
95,Brinna,Morfell,bmorfell2m@google.fr,Female,246.155.150.60
96,Merilee,Kilgannon,mkilgannon2n@google.fr,Female,196.43.1.49
97,Kirby,Ethersey,kethersey2o@posterous.com,Male,174.54.25.72
98,Dicky,Shurmer,dshurmer2p@weibo.com,Male,78.86.159.107
99,Hilarius,Jeandin,hjeandin2q@narod.ru,Male,53.79.172.118
100,Valentin,Kelsow,vkelsow2r@wired.com,Male,237.195.182.163
