id	first_name	last_name	email	gender	ip_address
1	Domingo	McArdell	dmcardell0@cocolog-nifty.com	Male	230.169.76.183
2	Mortimer	Holsall	mholsall1@utexas.edu	Male	162.25.90.231
3	Lilly	Heine	lheine2@illinois.edu	Female	178.220.113.25
4	William	Whitehall	wwhitehall3@example.com	Male	127.121.187.233
5	Fredelia	Crothers	fcrothers4@cam.ac.uk	Female	134.11.246.166
6	Nicolea	Alpine	nalpine5@networksolutions.com	Female	83.232.76.160
7	Willyt	Gadney	wgadney6@prweb.com	Female	245.231.107.95
8	Archer	Ribbens	aribbens7@google.ca	Male	1.46.137.1
9	Lauryn	Kleiner	lkleiner8@163.com	Female	70.60.58.175
10	Osbourne	Ganiclef	oganiclef9@buzzfeed.com	Male	244.237.97.8
11	Francklin	Crichley	fcrichleya@cdbaby.com	Male	35.163.16.230
12	Tandy	Tudgay	ttudgayb@homestead.com	Female	159.160.87.171
13	Roderich	Tregonna	rtregonnac@usnews.com	Male	76.2.193.64
14	Tan	Le Borgne	tleborgned@indiegogo.com	Male	191.159.241.112
15	Cos	Weth	cwethe@cnet.com	Male	1.144.70.35
16	Stillmann	Larne	slarnef@army.mil	Male	149.161.160.58
17	Keeley	Hassur	khassurg@de.vu	Female	99.228.205.123
18	Rosemonde	Yitzovicz	ryitzoviczh@census.gov	Female	184.14.138.68
19	Barbra	Carillo	bcarilloi@linkedin.com	Female	29.201.47.239
20	Astra	Balmer	abalmerj@forbes.com	Female	234.205.73.169
21	Pru	Leftridge	pleftridgek@google.com	Female	143.176.40.5
22	Lynda	Westlake	lwestlakel@omniture.com	Female	28.240.27.143
23	Kelby	Pasque	kpasquem@livejournal.com	Male	104.245.201.15
24	Cahra	Robley	crobleyn@barnesandnoble.com	Female	37.107.180.58
25	Fayette	Stainer	fstainero@ucsd.edu	Female	53.190.109.64
26	Alicea	Dornan	adornanp@angelfire.com	Female	57.51.17.54
27	Emilie	Golds	egoldsq@auda.org.au	Female	165.188.129.58
28	Tabatha	Bouzan	tbouzanr@slideshare.net	Female	104.203.74.149
29	Reynold	Urpeth	rurpeths@deliciousdays.com	Male	250.54.72.218
30	Haskel	De Castri	hdecastrit@ustream.tv	Male	90.101.119.141
31	Thom	Dorkens	tdorkensu@shutterfly.com	Male	136.155.57.73
32	Giffard	Riall	griallv@wsj.com	Male	241.42.73.199
33	Merrile	Victor	mvictorw@cbsnews.com	Female	171.163.130.231
34	Lonnard	Avrahamoff	lavrahamoffx@fastcompany.com	Male	110.144.109.15
35	Felike	Clousley	fclousleyy@goo.ne.jp	Male	163.21.239.84
36	Chris	Pinyon	cpinyonz@artisteer.com	Female	116.211.108.85
37	Bartholomeus	Dolbey	bdolbey10@usgs.gov	Male	224.221.103.213
38	Larine	Jiggens	ljiggens11@mac.com	Female	153.76.120.195
39	Richard	Dunkerk	rdunkerk12@omniture.com	Male	79.189.76.64
40	Alfred	Prier	aprier13@usgs.gov	Male	72.252.19.222
41	Bartolomeo	Klossek	bklossek14@guardian.co.uk	Male	89.223.115.125
42	Olympia	Tapner	otapner15@prnewswire.com	Female	160.205.14.234
43	Grayce	Bailess	gbailess16@sciencedaily.com	Female	117.187.240.120
44	Kienan	Reyne	kreyne17@joomla.org	Male	1.12.207.181
45	Byran	Plascott	bplascott18@xrea.com	Male	35.150.163.171
46	Donnajean	Papen	dpapen19@netscape.com	Female	225.123.194.140
47	Merill	Boother	mboother1a@forbes.com	Male	3.132.150.7
48	Stanislaw	Bilham	sbilham1b@cbc.ca	Male	206.254.64.243
49	Flori	Rivlin	frivlin1c@goo.ne.jp	Female	202.110.241.71
50	Caril	De Ambrosis	cdeambrosis1d@admin.ch	Female	118.166.153.76
51	Fidelity	Syne	fsyne1e@ezinearticles.com	Female	32.226.136.118
52	Tandy	Beszant	tbeszant1f@deviantart.com	Female	16.233.30.22
53	Chandra	Perillo	cperillo1g@prlog.org	Female	166.2.135.198
54	Wadsworth	Reolfo	wreolfo1h@ask.com	Male	198.148.42.63
55	Davida	Lamblot	dlamblot1i@army.mil	Female	35.126.155.62
56	Moselle	Lemasney	mlemasney1j@scientificamerican.com	Female	193.195.153.145
57	Bondon	Layus	blayus1k@ask.com	Male	17.41.131.24
58	Patty	Creagh	pcreagh1l@google.fr	Male	255.200.10.212
59	Gretta	Brogan	gbrogan1m@prlog.org	Female	78.185.112.226
60	Arther	Creasy	acreasy1n@dyndns.org	Male	178.207.80.190
61	Zea	Saltwell	zsaltwell1o@ehow.com	Female	89.122.50.155
62	Ferd	Theze	ftheze1p@liveinternet.ru	Male	205.225.73.126
63	Danielle	Acomb	dacomb1q@gizmodo.com	Female	32.42.200.95
64	Kayla	Franck	kfranck1r@furl.net	Female	20.163.177.236
65	Shaine	Denham	sdenham1s@dot.gov	Female	87.8.4.99
66	Bidget	Merredy	bmerredy1t@yellowpages.com	Female	37.33.61.215
67	Vin	Stokoe	vstokoe1u@a8.net	Male	113.177.136.101
68	Ranee	Woodall	rwoodall1v@google.fr	Female	192.97.230.74
69	Moselle	Cuttler	mcuttler1w@mac.com	Female	56.227.237.230
70	Stormy	Gaytor	sgaytor1x@dyndns.org	Female	138.216.129.166
71	Artus	Hawkyens	ahawkyens1y@google.cn	Male	119.56.245.185
72	Tadio	Winsper	twinsper1z@chron.com	Male	177.165.90.238
73	Romy	Sylett	rsylett20@purevolume.com	Female	255.60.78.131
74	Valentine	Mosedale	vmosedale21@yahoo.com	Male	134.46.175.137
75	Cari	Mc Carroll	cmccarroll22@reddit.com	Female	15.229.215.140
76	Salomo	Lindeberg	slindeberg23@salon.com	Male	76.198.218.243
77	Torre	Franz	tfranz24@elegantthemes.com	Male	219.111.115.242
78	Tersina	Grgic	tgrgic25@toplist.cz	Female	8.154.103.243
79	Cyndy	Riccard	criccard26@1688.com	Female	26.218.203.10
80	Wyatan	Eakeley	weakeley27@alexa.com	Male	196.192.199.185
81	Phebe	Gallager	pgallager28@google.cn	Female	175.248.38.6
82	Teirtza	Manicom	tmanicom29@bloglines.com	Female	56.99.178.158
83	Dorelle	Frick	dfrick2a@hostgator.com	Female	215.67.202.36
84	Cathe	Dunham	cdunham2b@newsvine.com	Female	108.111.186.49
85	Tory	Snellman	tsnellman2c@newyorker.com	Female	111.58.73.158
86	Eveleen	Statter	estatter2d@theguardian.com	Female	42.243.249.60
87	Vic	Emmet	vemmet2e@quantcast.com	Male	83.200.61.75
88	Alanson	Barfford	abarfford2f@amazon.de	Male	64.3.110.187
89	Ronny	Taffee	rtaffee2g@bbb.org	Female	165.174.55.31
90	Cristiano	Dymidowicz	cdymidowicz2h@pbs.org	Male	145.64.94.120
91	Kermie	Northam	knortham2i@e-recht24.de	Male	39.145.250.59
92	Dave	Sheron	dsheron2j@nature.com	Male	211.253.240.222
93	Jacky	Samwayes	jsamwayes2k@youtu.be	Female	127.138.194.90
94	Emelia	Bimson	ebimson2l@wordpress.com	Female	157.92.135.119
95	Rowland	McKiddin	rmckiddin2m@imdb.com	Male	151.107.210.100
96	Jesse	Kennelly	jkennelly2n@kickstarter.com	Male	72.186.125.221
97	Kasey	Manifield	kmanifield2o@bbc.co.uk	Female	95.119.46.77
98	Benedetta	Bickerton	bbickerton2p@oakley.com	Female	80.27.49.113
99	Helena	Rainbow	hrainbow2q@yelp.com	Female	66.250.98.99
100	Sherm	Cristobal	scristobal2r@timesonline.co.uk	Male	226.160.185.124
