id,first_name,last_name,email,gender,ip_address
1,Emery,Kaminski,ekaminski0@instagram.com,Male,248.133.120.6
2,Dannye,Caldera,dcaldera1@marketwatch.com,Female,60.225.128.97
3,Reeta,Aubrun,raubrun2@bing.com,Female,118.80.136.241
4,Sherman,Asee,sasee3@yellowpages.com,Male,252.167.109.22
5,Alfie,Hadlow,ahadlow4@bloomberg.com,Male,1.208.41.247
6,Chris,Briddle,cbriddle5@google.co.jp,Female,47.97.161.255
7,Cher,Sein,csein6@geocities.com,Female,46.101.38.2
8,Shelli,Couche,scouche7@statcounter.com,Female,4.107.174.243
9,Chip,Benadette,cbenadette8@tripadvisor.com,Male,37.10.45.187
10,Doro,Piccop,dpiccop9@forbes.com,Female,132.243.95.26
11,Pascale,Sore,psorea@thetimes.co.uk,Male,209.226.34.212
12,Arda,Carnier,acarnierb@imageshack.us,Female,7.131.110.109
13,Grata,Carley,gcarleyc@blogtalkradio.com,Female,55.154.118.173
14,Herrick,Ginnaly,hginnalyd@squidoo.com,Male,79.229.46.0
15,Conney,Diemer,cdiemere@earthlink.net,Male,72.232.133.9
16,Osbourne,Lob,olobf@cbc.ca,Male,137.234.51.219
17,Yule,Dowry,ydowryg@xing.com,Male,232.49.249.231
18,Lacey,Blennerhassett,lblennerhassetth@time.com,Female,251.122.211.231
19,Ross,Eriksson,rerikssoni@yellowbook.com,Male,19.164.150.51
20,Terrance,Malden,tmaldenj@qq.com,Male,20.67.220.102
21,Grissel,Chisholme,gchisholmek@stanford.edu,Female,166.109.116.93
22,Candice,Rawstron,crawstronl@jugem.jp,Female,188.241.77.33
23,Kaile,Jendas,kjendasm@pbs.org,Female,104.43.238.81
24,Rena,Antonik,rantonikn@delicious.com,Female,228.46.134.57
25,Sydelle,Allnatt,sallnatto@europa.eu,Female,43.251.227.236
26,Gypsy,Ateridge,gateridgep@bravesites.com,Female,35.184.80.231
27,Ailene,Lindermann,alindermannq@twitter.com,Female,232.68.191.144
28,Collie,Geikie,cgeikier@netscape.com,Female,188.35.235.242
29,Terencio,Marking,tmarkings@admin.ch,Male,188.228.82.47
30,Allix,Greensides,agreensidest@tripadvisor.com,Female,115.253.75.63
31,Corilla,Woolfall,cwoolfallu@army.mil,Female,159.5.154.227
32,Evelyn,Garling,egarlingv@about.me,Female,232.217.37.174
33,Rodney,Marns,rmarnsw@wordpress.org,Male,93.135.141.156
34,Julietta,Ducham,jduchamx@ycombinator.com,Female,71.114.93.104
35,Blanche,Woodcraft,bwoodcrafty@bbc.co.uk,Female,94.184.81.179
36,Olivero,Burt,oburtz@ibm.com,Male,218.6.45.58
37,Trixy,Flarity,tflarity10@yolasite.com,Female,72.94.85.92
38,Hallsy,Asken,hasken11@nih.gov,Male,32.139.55.132
39,Chick,Craft,ccraft12@nyu.edu,Male,38.76.24.67
40,Delcine,Yanez,dyanez13@vk.com,Female,59.50.238.223
41,Gillie,Marston,gmarston14@zimbio.com,Female,251.125.135.16
42,Celeste,Paolini,cpaolini15@people.com.cn,Female,128.105.212.144
43,Major,Maton,mmaton16@nature.com,Male,196.16.246.3
44,Rafferty,Frosch,rfrosch17@soundcloud.com,Male,167.18.198.106
45,Paten,Renfield,prenfield18@nymag.com,Male,218.25.54.242
46,Angelique,McCrillis,amccrillis19@eepurl.com,Female,213.120.41.79
47,Tristam,BoHlingolsen,tbohlingolsen1a@t.co,Male,100.85.255.251
48,Ewen,Vittel,evittel1b@abc.net.au,Male,162.174.50.138
49,Geri,Crosthwaite,gcrosthwaite1c@independent.co.uk,Female,192.11.128.8
50,Sholom,Escofier,sescofier1d@forbes.com,Male,160.60.92.2
51,Sonni,Ellesworth,sellesworth1e@trellian.com,Female,18.129.232.27
52,Jasmine,Best,jbest1f@chicagotribune.com,Female,195.186.5.255
53,Keen,Rizon,krizon1g@amazon.co.uk,Male,230.87.179.182
54,Thornie,Ashburne,tashburne1h@lulu.com,Male,219.123.138.246
55,Lorne,Godsmark,lgodsmark1i@statcounter.com,Male,183.0.222.161
56,Killie,Ipplett,kipplett1j@prlog.org,Male,121.139.73.71
57,Rhetta,Littrik,rlittrik1k@rediff.com,Female,227.34.187.170
58,Fionna,Goard,fgoard1l@hc360.com,Female,252.13.32.53
59,Kassie,Sweynson,ksweynson1m@trellian.com,Female,2.224.214.182
60,Courtnay,Tipens,ctipens1n@xinhuanet.com,Female,133.143.48.135
61,Kit,Dowley,kdowley1o@newsvine.com,Male,138.36.154.168
62,North,Bridgland,nbridgland1p@fda.gov,Male,187.70.208.234
63,Belia,Pucker,bpucker1q@biblegateway.com,Female,131.28.227.59
64,Frank,Nerger,fnerger1r@wisc.edu,Female,238.229.42.225
65,Galvin,Butler,gbutler1s@mail.ru,Male,185.180.161.149
66,Herbert,Caulliere,hcaulliere1t@sohu.com,Male,66.243.172.93
67,Linzy,Scotti,lscotti1u@bravesites.com,Female,134.166.60.17
68,Rockey,Jorczyk,rjorczyk1v@gravatar.com,Male,183.13.78.147
69,Anton,Peteri,apeteri1w@dmoz.org,Male,228.34.150.154
70,Harlan,O' Reagan,horeagan1x@angelfire.com,Male,92.76.146.33
71,Hester,Kubicek,hkubicek1y@csmonitor.com,Female,184.242.132.127
72,Loraine,Tommen,ltommen1z@people.com.cn,Female,240.193.129.168
73,Hillie,Fulbrook,hfulbrook20@drupal.org,Male,130.189.68.132
74,Levy,Bosher,lbosher21@utexas.edu,Male,241.176.124.87
75,Ilysa,Sleany,isleany22@hatena.ne.jp,Female,216.27.21.116
76,Sheffie,Guilfoyle,sguilfoyle23@princeton.edu,Male,51.234.101.30
77,Ingra,Baptista,ibaptista24@uiuc.edu,Male,211.174.196.143
78,Zach,Viner,zviner25@va.gov,Male,109.41.184.23
79,Blisse,Blaschek,bblaschek26@about.me,Female,43.82.229.179
80,Kelwin,Tunsley,ktunsley27@admin.ch,Male,101.28.80.16
81,Shane,Ohrt,sohrt28@salon.com,Male,133.96.27.121
82,Josey,Castilla,jcastilla29@usgs.gov,Female,29.182.142.208
83,Lindon,Segrott,lsegrott2a@smh.com.au,Male,48.73.19.64
84,Dallis,Chessman,dchessman2b@dailymail.co.uk,Male,150.2.65.215
85,Rozanne,Witter,rwitter2c@t-online.de,Female,140.42.203.199
86,Kenny,Mitchelson,kmitchelson2d@globo.com,Male,229.7.168.172
87,Emma,Hallam,ehallam2e@cargocollective.com,Female,87.221.158.46
88,Terri-jo,Braunle,tbraunle2f@ezinearticles.com,Female,236.81.34.61
89,Larry,Pendreigh,lpendreigh2g@buzzfeed.com,Male,181.95.172.128
90,Egon,Whitecross,ewhitecross2h@chicagotribune.com,Male,79.136.195.26
91,Falkner,Murkin,fmurkin2i@squarespace.com,Male,72.143.139.165
92,Maddy,Bodesson,mbodesson2j@topsy.com,Female,114.169.50.127
93,Talbot,Derobert,tderobert2k@indiegogo.com,Male,88.143.28.145
94,Happy,Boulter,hboulter2l@indiatimes.com,Female,222.37.128.51
95,Wilmette,Fearn,wfearn2m@globo.com,Female,95.212.170.70
96,Goldy,Banishevitz,gbanishevitz2n@yahoo.com,Female,109.75.40.168
97,Reggie,Slader,rslader2o@bbb.org,Male,102.188.155.76
98,Jaime,O'Crigan,jocrigan2p@cnbc.com,Male,96.115.76.144
99,Moselle,Karchowski,mkarchowski2q@bigcartel.com,Female,133.88.31.250
100,Beale,Meas,bmeas2r@goodreads.com,Male,183.64.49.230
